Posición,Ruta,kmstotales,Litros,Cantidad de viajes,Eficiencia (km/l),CPK
1,"APASEO EL ALTO,GJ → PORCONFIRMAR,NF/MX",51,14528.34,51,0.0035103804013397262,26742.725811764707
2,"CUAUTITLAN,EM/ → CUAUTITLAN,EM/",320,38710.81,64,0.008266424804854252,19118.892811919686
3,"EL MARQUES,QA → EL MARQUES,QA/Mex",304,11613.630000000001,19,0.026176139587708577,1107.1513756907896
4,"TULTITLAN,EM → UNKNOWN/",3248,98880.75,232,0.03284764729231928,4570.410677494797
5,"TULTITLAN,EM → ECATEPEC DE MORELO,EM/",19890,595722.68,1105,0.033388018733817554,5481.384329607672
6,"TUXTLA GUTIERREZ,CH → UNKNOWN/",896,24726.88,64,0.03623586962851763,6157.7437284770085
7,"TLALNEPANTLA,EM → CUAUTITLAN,EM/",780,21272.69,39,0.03666673091179348,6039.604892662821
8,"TLAQUEPAQUE,JA/Mex → TENANCINGO,EM",1144,28058.58,52,0.040771842338421974,2176.151316410839
9,"CUAUTITLAN,EM/ → TLALNEPANTLA,EM",4560,105526.8,228,0.043211771796358836,2645.5764217045175
10,"TUXTLA GUTIERREZ,CH → TUXTLA GUTIERREZ,CH/Mex",155893,3568550.13,9391,0.04368524872032553,4989.200344019353
